<?xml version="1.0" encoding="UTF-8"?>
<suite name="eComWebapp TestSuite">
	<listeners>
		<listener class-name="org.uncommons.reportng.HTMLReporter" />
		<listener class-name="org.uncommons.reportng.JUnitXMLReporter" />
	</listeners>
	<test name="Amazon Test">
		<classes>
			<class name="Red.Bus.Ticket.Booking.HomePage"></class>
			<class
				name="Red.Bus.Ticket.Booking.RegisterPage"></class>
			<class
				name="Red.Bus.Ticket.Booking.HomePageTest"></class>
			<class
				name="Red.Bus.Ticket.Booking.RegisterPageXpathTest"></class>
			<class name="Red.Bus.Ticket.Booking.SearchPage"></class>
		</classes>
	</test>
	<test name="Group Test">
		<classes>
			<class name="Red.Bus.Ticket.Booking.HomePageTest"></class>
		</classes>
	</test>
	<test name="Other Test">
		<classes>
			<class
				name="Red.Bus.Ticket.Booking.TestNgStandardAnnotationTest"></class>
			<class name="Red.Bus.Ticket.Booking.AssertionTest"></class>
		</classes>
	</test>
</suite>